[
  {"city": "New York", "state": "NY", "population": 8336817, "lat": 40.7128, "lng": -74.0060},
  {"city": "Los Angeles", "state": "CA", "population": 3979576, "lat": 34.0522, "lng": -118.2437},
  {"city": "Chicago", "state": "IL", "population": 2693976, "lat": 41.8781, "lng": -87.6298},
  {"city": "Houston", "state": "TX", "population": 2320268, "lat": 29.7604, "lng": -95.3698},
  {"city": "Phoenix", "state": "AZ", "population": 1680992, "lat": 33.4484, "lng": -112.0740},
  {"city": "Philadelphia", "state": "PA", "population": 1584064, "lat": 39.9526, "lng": -75.1652},
  {"city": "San Antonio", "state": "TX", "population": 1547253, "lat": 29.4241, "lng": -98.4936},
  {"city": "San Diego", "state": "CA", "population": 1423851, "lat": 32.7157, "lng": -117.1611},
  {"city": "Dallas", "state": "TX", "population": 1343573, "lat": 32.7767, "lng": -96.7970},
  {"city": "San Jose", "state": "CA", "population": 1021795, "lat": 37.3382, "lng": -121.8863},
  {"city": "Austin", "state": "TX", "population": 978908, "lat": 30.2672, "lng": -97.7431},
  {"city": "Jacksonville", "state": "FL", "population": 911507, "lat": 30.3322, "lng": -81.6557},
  {"city": "Fort Worth", "state": "TX", "population": 909585, "lat": 32.7555, "lng": -97.3308},
  {"city": "Columbus", "state": "OH", "population": 898553, "lat": 39.9612, "lng": -82.9988},
  {"city": "Charlotte", "state": "NC", "population": 885708, "lat": 35.2271, "lng": -80.8431},
  {"city": "San Francisco", "state": "CA", "population": 881549, "lat": 37.7749, "lng": -122.4194},
  {"city": "Indianapolis", "state": "IN", "population": 876384, "lat": 39.7684, "lng": -86.1581},
  {"city": "Seattle", "state": "WA", "population": 753675, "lat": 47.6062, "lng": -122.3321},
  {"city": "Denver", "state": "CO", "population": 727211, "lat": 39.7392, "lng": -104.9903},
  {"city": "Washington", "state": "DC", "population": 705749, "lat": 38.9072, "lng": -77.0369},
  {"city": "Boston", "state": "MA", "population": 692600, "lat": 42.3601, "lng": -71.0589},
  {"city": "El Paso", "state": "TX", "population": 681728, "lat": 31.7619, "lng": -106.4850},
  {"city": "Nashville", "state": "TN", "population": 670820, "lat": 36.1627, "lng": -86.7816},
  {"city": "Detroit", "state": "MI", "population": 670031, "lat": 42.3314, "lng": -83.0458},
  {"city": "Oklahoma City", "state": "OK", "population": 655057, "lat": 35.4676, "lng": -97.5164},
  {"city": "Portland", "state": "OR", "population": 654741, "lat": 45.5152, "lng": -122.6784},
  {"city": "Las Vegas", "state": "NV", "population": 651319, "lat": 36.1699, "lng": -115.1398},
  {"city": "Memphis", "state": "TN", "population": 650618, "lat": 35.1495, "lng": -90.0490},
  {"city": "Louisville", "state": "KY", "population": 617638, "lat": 38.2527, "lng": -85.7585},
  {"city": "Baltimore", "state": "MD", "population": 585708, "lat": 39.2904, "lng": -76.6122},
  {"city": "Milwaukee", "state": "WI", "population": 577222, "lat": 43.0389, "lng": -87.9065},
  {"city": "Albuquerque", "state": "NM", "population": 560513, "lat": 35.0844, "lng": -106.6504},
  {"city": "Tucson", "state": "AZ", "population": 548073, "lat": 32.2226, "lng": -110.9747},
  {"city": "Fresno", "state": "CA", "population": 531576, "lat": 36.7378, "lng": -119.7871},
  {"city": "Sacramento", "state": "CA", "population": 513624, "lat": 38.5816, "lng": -121.4944},
  {"city": "Kansas City", "state": "MO", "population": 508090, "lat": 39.0997, "lng": -94.5786},
  {"city": "Mesa", "state": "AZ", "population": 504258, "lat": 33.4152, "lng": -111.8315},
  {"city": "Atlanta", "state": "GA", "population": 498715, "lat": 33.7490, "lng": -84.3880},
  {"city": "Omaha", "state": "NE", "population": 486051, "lat": 41.2565, "lng": -95.9345},
  {"city": "Colorado Springs", "state": "CO", "population": 478961, "lat": 38.8339, "lng": -104.8214},
  {"city": "Raleigh", "state": "NC", "population": 474069, "lat": 35.7796, "lng": -78.6382},
  {"city": "Long Beach", "state": "CA", "population": 466742, "lat": 33.7701, "lng": -118.1937},
  {"city": "Virginia Beach", "state": "VA", "population": 449974, "lat": 36.8529, "lng": -75.9780},
  {"city": "Miami", "state": "FL", "population": 442241, "lat": 25.7617, "lng": -80.1918},
  {"city": "Oakland", "state": "CA", "population": 433031, "lat": 37.8044, "lng": -122.2712},
  {"city": "Minneapolis", "state": "MN", "population": 429954, "lat": 44.9778, "lng": -93.2650},
  {"city": "Tulsa", "state": "OK", "population": 413066, "lat": 36.1540, "lng": -95.9928},
  {"city": "Tampa", "state": "FL", "population": 399700, "lat": 27.9506, "lng": -82.4572},
  {"city": "Arlington", "state": "TX", "population": 398854, "lat": 32.7357, "lng": -97.1081},
  {"city": "New Orleans", "state": "LA", "population": 390144, "lat": 29.9511, "lng": -90.0715},
  {"city": "Wichita", "state": "KS", "population": 389938, "lat": 37.6872, "lng": -97.3301},
  {"city": "Bakersfield", "state": "CA", "population": 384145, "lat": 35.3733, "lng": -119.0187},
  {"city": "Cleveland", "state": "OH", "population": 381009, "lat": 41.4993, "lng": -81.6944},
  {"city": "Aurora", "state": "CO", "population": 379289, "lat": 39.7294, "lng": -104.8319},
  {"city": "Anaheim", "state": "CA", "population": 350365, "lat": 33.8366, "lng": -117.9143},
  {"city": "Honolulu", "state": "HI", "population": 350964, "lat": 21.3069, "lng": -157.8583},
  {"city": "Santa Ana", "state": "CA", "population": 310227, "lat": 33.7455, "lng": -117.8677},
  {"city": "Riverside", "state": "CA", "population": 314998, "lat": 33.9533, "lng": -117.3962},
  {"city": "Corpus Christi", "state": "TX", "population": 326586, "lat": 27.8006, "lng": -97.3964},
  {"city": "Lexington", "state": "KY", "population": 323780, "lat": 38.0406, "lng": -84.5037},
  {"city": "Henderson", "state": "NV", "population": 320189, "lat": 36.0395, "lng": -114.9817},
  {"city": "Stockton", "state": "CA", "population": 311178, "lat": 37.9577, "lng": -121.2908},
  {"city": "Saint Paul", "state": "MN", "population": 308096, "lat": 44.9537, "lng": -93.0900},
  {"city": "Cincinnati", "state": "OH", "population": 309317, "lat": 39.1031, "lng": -84.5120},
  {"city": "St. Louis", "state": "MO", "population": 301578, "lat": 38.6270, "lng": -90.1994},
  {"city": "Pittsburgh", "state": "PA", "population": 302971, "lat": 40.4406, "lng": -79.9959},
  {"city": "Greensboro", "state": "NC", "population": 296710, "lat": 36.0726, "lng": -79.7920},
  {"city": "Lincoln", "state": "NE", "population": 289102, "lat": 40.8258, "lng": -96.6852},
  {"city": "Anchorage", "state": "AK", "population": 291247, "lat": 61.2181, "lng": -149.9003},
  {"city": "Plano", "state": "TX", "population": 287677, "lat": 33.0198, "lng": -96.6989},
  {"city": "Orlando", "state": "FL", "population": 287442, "lat": 28.5383, "lng": -81.3792},
  {"city": "Irvine", "state": "CA", "population": 287401, "lat": 33.6846, "lng": -117.8265},
  {"city": "Newark", "state": "NJ", "population": 282011, "lat": 40.7357, "lng": -74.1724},
  {"city": "Durham", "state": "NC", "population": 278993, "lat": 35.9940, "lng": -78.8986},
  {"city": "Chula Vista", "state": "CA", "population": 275487, "lat": 32.6401, "lng": -117.0842},
  {"city": "Toledo", "state": "OH", "population": 274975, "lat": 41.6528, "lng": -83.5379},
  {"city": "Fort Wayne", "state": "IN", "population": 270402, "lat": 41.0793, "lng": -85.1394},
  {"city": "St. Petersburg", "state": "FL", "population": 265351, "lat": 27.7676, "lng": -82.6403},
  {"city": "Laredo", "state": "TX", "population": 262491, "lat": 27.5306, "lng": -99.4803},
  {"city": "Jersey City", "state": "NJ", "population": 262075, "lat": 40.7178, "lng": -74.0431},
  {"city": "Chandler", "state": "AZ", "population": 261165, "lat": 33.3062, "lng": -111.8413},
  {"city": "Buffalo", "state": "NY", "population": 255284, "lat": 42.8864, "lng": -78.8784},
  {"city": "North Las Vegas", "state": "NV", "population": 251974, "lat": 36.1989, "lng": -115.1175},
  {"city": "Gilbert", "state": "AZ", "population": 248279, "lat": 33.3528, "lng": -111.7890},
  {"city": "Madison", "state": "WI", "population": 259680, "lat": 43.0731, "lng": -89.4012},
  {"city": "Reno", "state": "NV", "population": 255601, "lat": 39.5296, "lng": -119.8138},
  {"city": "Lubbock", "state": "TX", "population": 258862, "lat": 33.5779, "lng": -101.8552},
  {"city": "Winston-Salem", "state": "NC", "population": 249545, "lat": 36.0999, "lng": -80.2442},
  {"city": "Glendale", "state": "AZ", "population": 248325, "lat": 33.5387, "lng": -112.1860},
  {"city": "Hialeah", "state": "FL", "population": 233394, "lat": 25.8576, "lng": -80.2781},
  {"city": "Garland", "state": "TX", "population": 239928, "lat": 32.9126, "lng": -96.6389},
  {"city": "Scottsdale", "state": "AZ", "population": 241361, "lat": 33.4942, "lng": -111.9261},
  {"city": "Irving", "state": "TX", "population": 240373, "lat": 32.8140, "lng": -96.9489},
  {"city": "Chesapeake", "state": "VA", "population": 244835, "lat": 36.7682, "lng": -76.2875},
  {"city": "Fremont", "state": "CA", "population": 241110, "lat": 37.5485, "lng": -121.9886},
  {"city": "Boise", "state": "ID", "population": 235684, "lat": 43.6150, "lng": -116.2023},
  {"city": "Richmond", "state": "VA", "population": 230436, "lat": 37.5407, "lng": -77.4360},
  {"city": "San Bernardino", "state": "CA", "population": 222101, "lat": 34.1083, "lng": -117.2898},
  {"city": "Spokane", "state": "WA", "population": 222081, "lat": 47.6588, "lng": -117.4260},
  {"city": "Des Moines", "state": "IA", "population": 214237, "lat": 41.5868, "lng": -93.6250},
  {"city": "Modesto", "state": "CA", "population": 218464, "lat": 37.6391, "lng": -120.9969},
  {"city": "Birmingham", "state": "AL", "population": 209403, "lat": 33.5207, "lng": -86.8025},
  {"city": "Tacoma", "state": "WA", "population": 219346, "lat": 47.2529, "lng": -122.4443},
  {"city": "Fontana", "state": "CA", "population": 214547, "lat": 34.0922, "lng": -117.4350},
  {"city": "Rochester", "state": "NY", "population": 211328, "lat": 43.1566, "lng": -77.6088},
  {"city": "Moreno Valley", "state": "CA", "population": 212477, "lat": 33.9425, "lng": -117.2297},
  {"city": "Fayetteville", "state": "NC", "population": 211657, "lat": 35.0527, "lng": -78.8784},
  {"city": "Yonkers", "state": "NY", "population": 211569, "lat": 40.9312, "lng": -73.8988},
  {"city": "Glendale", "state": "CA", "population": 203054, "lat": 34.1425, "lng": -118.2551},
  {"city": "Aurora", "state": "IL", "population": 200965, "lat": 41.7606, "lng": -88.3201},
  {"city": "Huntington Beach", "state": "CA", "population": 200652, "lat": 33.6595, "lng": -117.9988},
  {"city": "Montgomery", "state": "AL", "population": 200603, "lat": 32.3668, "lng": -86.3000},
  {"city": "Amarillo", "state": "TX", "population": 199371, "lat": 35.2220, "lng": -101.8313},
  {"city": "Little Rock", "state": "AR", "population": 197312, "lat": 34.7465, "lng": -92.2896},
  {"city": "Akron", "state": "OH", "population": 197846, "lat": 41.0814, "lng": -81.5190},
  {"city": "Columbus", "state": "GA", "population": 195769, "lat": 32.4610, "lng": -84.9877},
  {"city": "Grand Rapids", "state": "MI", "population": 198917, "lat": 42.9634, "lng": -85.6681},
  {"city": "Salt Lake City", "state": "UT", "population": 200567, "lat": 40.7608, "lng": -111.8910},
  {"city": "Tallahassee", "state": "FL", "population": 196169, "lat": 30.4383, "lng": -84.2807},
  {"city": "Huntsville", "state": "AL", "population": 215006, "lat": 34.7304, "lng": -86.5861},
  {"city": "Grand Prairie", "state": "TX", "population": 194543, "lat": 32.7460, "lng": -96.9978},
  {"city": "Overland Park", "state": "KS", "population": 195494, "lat": 38.9822, "lng": -94.6708},
  {"city": "Knoxville", "state": "TN", "population": 190740, "lat": 35.9606, "lng": -83.9207},
  {"city": "Brownsville", "state": "TX", "population": 183823, "lat": 25.9017, "lng": -97.4975},
  {"city": "Worcester", "state": "MA", "population": 185877, "lat": 42.2626, "lng": -71.8023},
  {"city": "Newport News", "state": "VA", "population": 186247, "lat": 37.0871, "lng": -76.4730},
  {"city": "Santa Clarita", "state": "CA", "population": 228673, "lat": 34.3917, "lng": -118.5426},
  {"city": "Providence", "state": "RI", "population": 190934, "lat": 41.8240, "lng": -71.4128},
  {"city": "Fort Lauderdale", "state": "FL", "population": 182760, "lat": 26.1224, "lng": -80.1373},
  {"city": "Garden Grove", "state": "CA", "population": 172646, "lat": 33.7743, "lng": -117.9380},
  {"city": "Oceanside", "state": "CA", "population": 176193, "lat": 33.1959, "lng": -117.3795},
  {"city": "Rancho Cucamonga", "state": "CA", "population": 177751, "lat": 34.1064, "lng": -117.5931},
  {"city": "Santa Rosa", "state": "CA", "population": 178127, "lat": 38.4404, "lng": -122.7141},
  {"city": "Port St. Lucie", "state": "FL", "population": 204851, "lat": 27.2730, "lng": -80.3582},
  {"city": "Chattanooga", "state": "TN", "population": 181099, "lat": 35.0456, "lng": -85.3097},
  {"city": "Tempe", "state": "AZ", "population": 185038, "lat": 33.4255, "lng": -111.9400},
  {"city": "Jackson", "state": "MS", "population": 160628, "lat": 32.2988, "lng": -90.1848},
  {"city": "Cape Coral", "state": "FL", "population": 194016, "lat": 26.5629, "lng": -81.9495},
  {"city": "Vancouver", "state": "WA", "population": 184463, "lat": 45.6387, "lng": -122.6615},
  {"city": "Ontario", "state": "CA", "population": 175265, "lat": 34.0633, "lng": -117.6509},
  {"city": "Sioux Falls", "state": "SD", "population": 192517, "lat": 43.5446, "lng": -96.7311},
  {"city": "Peoria", "state": "AZ", "population": 175961, "lat": 33.5806, "lng": -112.2374},
  {"city": "Springfield", "state": "MO", "population": 169176, "lat": 37.2090, "lng": -93.2923},
  {"city": "Pembroke Pines", "state": "FL", "population": 171178, "lat": 26.0128, "lng": -80.2239},
  {"city": "Elk Grove", "state": "CA", "population": 176124, "lat": 38.4088, "lng": -121.3716},
  {"city": "Salem", "state": "OR", "population": 175535, "lat": 44.9429, "lng": -123.0351},
  {"city": "Lancaster", "state": "CA", "population": 173516, "lat": 34.6868, "lng": -118.1542},
  {"city": "Corona", "state": "CA", "population": 157136, "lat": 33.8753, "lng": -117.5664},
  {"city": "Eugene", "state": "OR", "population": 176654, "lat": 44.0521, "lng": -123.0868},
  {"city": "Palmdale", "state": "CA", "population": 169450, "lat": 34.5794, "lng": -118.1165},
  {"city": "Salinas", "state": "CA", "population": 163542, "lat": 36.6777, "lng": -121.6555},
  {"city": "Springfield", "state": "MA", "population": 155929, "lat": 42.1015, "lng": -72.5898},
  {"city": "Pasadena", "state": "TX", "population": 151950, "lat": 29.6911, "lng": -95.2091},
  {"city": "Rockford", "state": "IL", "population": 148655, "lat": 42.2711, "lng": -89.0940},
  {"city": "Pomona", "state": "CA", "population": 151348, "lat": 34.0551, "lng": -117.7500},
  {"city": "Hayward", "state": "CA", "population": 162954, "lat": 37.6688, "lng": -122.0808},
  {"city": "Fort Collins", "state": "CO", "population": 169810, "lat": 40.5853, "lng": -105.0844},
  {"city": "Joliet", "state": "IL", "population": 150362, "lat": 41.5250, "lng": -88.0817},
  {"city": "Kansas City", "state": "KS", "population": 156607, "lat": 39.1141, "lng": -94.6275},
  {"city": "Escondido", "state": "CA", "population": 151038, "lat": 33.1192, "lng": -117.0864},
  {"city": "Torrance", "state": "CA", "population": 145438, "lat": 33.8358, "lng": -118.3406},
  {"city": "Bridgeport", "state": "CT", "population": 148654, "lat": 41.1865, "lng": -73.1952},
  {"city": "Alexandria", "state": "VA", "population": 159467, "lat": 38.8048, "lng": -77.0469},
  {"city": "Sunnyvale", "state": "CA", "population": 155805, "lat": 37.3688, "lng": -122.0363},
  {"city": "Cary", "state": "NC", "population": 174721, "lat": 35.7915, "lng": -78.7811},
  {"city": "Lakewood", "state": "CO", "population": 155984, "lat": 39.7047, "lng": -105.0814},
  {"city": "Hollywood", "state": "FL", "population": 153627, "lat": 26.0112, "lng": -80.1495},
  {"city": "Paterson", "state": "NJ", "population": 145233, "lat": 40.9168, "lng": -74.1718},
  {"city": "Syracuse", "state": "NY", "population": 148620, "lat": 43.0481, "lng": -76.1474},
  {"city": "Naperville", "state": "IL", "population": 149540, "lat": 41.7508, "lng": -88.1535},
  {"city": "McKinney", "state": "TX", "population": 199177, "lat": 33.1972, "lng": -96.6397},
  {"city": "Mesquite", "state": "TX", "population": 150108, "lat": 32.7668, "lng": -96.5992},
  {"city": "Clarksville", "state": "TN", "population": 166722, "lat": 36.5298, "lng": -87.3595},
  {"city": "Savannah", "state": "GA", "population": 147780, "lat": 32.0809, "lng": -81.0912},
  {"city": "Dayton", "state": "OH", "population": 140407, "lat": 39.7589, "lng": -84.1916},
  {"city": "Orange", "state": "CA", "population": 139911, "lat": 33.7879, "lng": -117.8531},
  {"city": "Fullerton", "state": "CA", "population": 139132, "lat": 33.8703, "lng": -117.9242},
  {"city": "Pasadena", "state": "CA", "population": 138699, "lat": 34.1478, "lng": -118.1445},
  {"city": "Hampton", "state": "VA", "population": 137148, "lat": 37.0299, "lng": -76.3452},
  {"city": "McAllen", "state": "TX", "population": 142212, "lat": 26.2034, "lng": -98.2300},
  {"city": "Killeen", "state": "TX", "population": 153095, "lat": 31.1171, "lng": -97.7278},
  {"city": "Warren", "state": "MI", "population": 139387, "lat": 42.5145, "lng": -83.0147},
  {"city": "West Valley City", "state": "UT", "population": 140230, "lat": 40.6916, "lng": -112.0011},
  {"city": "Columbia", "state": "SC", "population": 136632, "lat": 34.0007, "lng": -81.0348},
  {"city": "New Haven", "state": "CT", "population": 134023, "lat": 41.3083, "lng": -72.9279},
  {"city": "Sterling Heights", "state": "MI", "population": 134346, "lat": 42.5803, "lng": -83.0302},
  {"city": "Olathe", "state": "KS", "population": 141290, "lat": 38.8814, "lng": -94.8191},
  {"city": "Miramar", "state": "FL", "population": 140823, "lat": 25.9860, "lng": -80.3036},
  {"city": "Thousand Oaks", "state": "CA", "population": 126966, "lat": 34.1706, "lng": -118.8376},
  {"city": "Frisco", "state": "TX", "population": 200509, "lat": 33.1507, "lng": -96.8236},
  {"city": "Cedar Rapids", "state": "IA", "population": 137710, "lat": 41.9779, "lng": -91.6656},
  {"city": "Topeka", "state": "KS", "population": 126587, "lat": 39.0558, "lng": -95.6890},
  {"city": "Visalia", "state": "CA", "population": 141384, "lat": 36.3302, "lng": -119.2921},
  {"city": "Waco", "state": "TX", "population": 139236, "lat": 31.5493, "lng": -97.1467},
  {"city": "Elizabeth", "state": "NJ", "population": 137298, "lat": 40.6640, "lng": -74.2107},
  {"city": "Bellevue", "state": "WA", "population": 151854, "lat": 47.6101, "lng": -122.2015},
  {"city": "Gainesville", "state": "FL", "population": 141085, "lat": 29.6516, "lng": -82.3248},
  {"city": "Simi Valley", "state": "CA", "population": 126788, "lat": 34.2694, "lng": -118.7815},
  {"city": "Charleston", "state": "SC", "population": 150227, "lat": 32.7765, "lng": -79.9311},
  {"city": "Carrollton", "state": "TX", "population": 133168, "lat": 32.9537, "lng": -96.8903},
  {"city": "Coral Springs", "state": "FL", "population": 134394, "lat": 26.2712, "lng": -80.2706},
  {"city": "Stamford", "state": "CT", "population": 135470, "lat": 41.0534, "lng": -73.5387},
  {"city": "Hartford", "state": "CT", "population": 121054, "lat": 41.7658, "lng": -72.6734},
  {"city": "Concord", "state": "CA", "population": 129295, "lat": 37.9780, "lng": -122.0311},
  {"city": "Roseville", "state": "CA", "population": 147773, "lat": 38.7521, "lng": -121.2880},
  {"city": "Thornton", "state": "CO", "population": 141867, "lat": 39.8680, "lng": -104.9719},
  {"city": "Kent", "state": "WA", "population": 136588, "lat": 47.3809, "lng": -122.2348},
  {"city": "Lafayette", "state": "LA", "population": 126185, "lat": 30.2241, "lng": -92.0198},
  {"city": "Surprise", "state": "AZ", "population": 143148, "lat": 33.6292, "lng": -112.3679},
  {"city": "Denton", "state": "TX", "population": 139869, "lat": 33.2148, "lng": -97.1331},
  {"city": "Victorville", "state": "CA", "population": 134810, "lat": 34.5362, "lng": -117.2928},
  {"city": "Evansville", "state": "IN", "population": 117298, "lat": 37.9716, "lng": -87.5711},
  {"city": "Midland", "state": "TX", "population": 132950, "lat": 31.9973, "lng": -102.0779},
  {"city": "Santa Clara", "state": "CA", "population": 127647, "lat": 37.3541, "lng": -121.9552},
  {"city": "Athens", "state": "GA", "population": 127315, "lat": 33.9519, "lng": -83.3576},
  {"city": "Allentown", "state": "PA", "population": 125845, "lat": 40.6084, "lng": -75.4902},
  {"city": "Abilene", "state": "TX", "population": 125182, "lat": 32.4487, "lng": -99.7331},
  {"city": "Beaumont", "state": "TX", "population": 115282, "lat": 30.0802, "lng": -94.1266},
  {"city": "Vallejo", "state": "CA", "population": 121253, "lat": 38.1041, "lng": -122.2566},
  {"city": "Independence", "state": "MO", "population": 123011, "lat": 39.0911, "lng": -94.4155},
  {"city": "Springfield", "state": "IL", "population": 114394, "lat": 39.7817, "lng": -89.6501},
  {"city": "Ann Arbor", "state": "MI", "population": 123851, "lat": 42.2808, "lng": -83.7430},
  {"city": "Provo", "state": "UT", "population": 116288, "lat": 40.2338, "lng": -111.6585},
  {"city": "Peoria", "state": "IL", "population": 113150, "lat": 40.6936, "lng": -89.5890},
  {"city": "Norman", "state": "OK", "population": 128026, "lat": 35.2226, "lng": -97.4395},
  {"city": "Berkeley", "state": "CA", "population": 124321, "lat": 37.8716, "lng": -122.2727},
  {"city": "El Monte", "state": "CA", "population": 115708, "lat": 34.0686, "lng": -118.0276},
  {"city": "Murfreesboro", "state": "TN", "population": 152769, "lat": 35.8456, "lng": -86.3903},
  {"city": "Lansing", "state": "MI", "population": 118210, "lat": 42.7325, "lng": -84.5555},
  {"city": "Columbia", "state": "MO", "population": 126254, "lat": 38.9517, "lng": -92.3341},
  {"city": "Downey", "state": "CA", "population": 111772, "lat": 33.9401, "lng": -118.1332},
  {"city": "Costa Mesa", "state": "CA", "population": 112174, "lat": 33.6412, "lng": -117.9187},
  {"city": "Inglewood", "state": "CA", "population": 107762, "lat": 33.9617, "lng": -118.3531},
  {"city": "Miami Gardens", "state": "FL", "population": 110001, "lat": 25.9420, "lng": -80.2456},
  {"city": "Manchester", "state": "NH", "population": 115644, "lat": 42.9956, "lng": -71.4548},
  {"city": "Elgin", "state": "IL", "population": 114797, "lat": 42.0354, "lng": -88.2826},
  {"city": "Wilmington", "state": "NC", "population": 123744, "lat": 34.2257, "lng": -77.9447},
  {"city": "Arvada", "state": "CO", "population": 124402, "lat": 39.8028, "lng": -105.0875},
  {"city": "Carlsbad", "state": "CA", "population": 114746, "lat": 33.1581, "lng": -117.3506},
  {"city": "Clearwater", "state": "FL", "population": 117295, "lat": 27.9659, "lng": -82.8001},
  {"city": "Westminster", "state": "CO", "population": 116317, "lat": 39.8367, "lng": -105.0372},
  {"city": "Waterbury", "state": "CT", "population": 114403, "lat": 41.5582, "lng": -73.0515},
  {"city": "Gresham", "state": "OR", "population": 114247, "lat": 45.5001, "lng": -122.4302},
  {"city": "Fairfield", "state": "CA", "population": 119881, "lat": 38.2494, "lng": -122.0400},
  {"city": "West Covina", "state": "CA", "population": 106098, "lat": 34.0686, "lng": -117.9390},
  {"city": "Billings", "state": "MT", "population": 117116, "lat": 45.7833, "lng": -108.5007},
  {"city": "Lowell", "state": "MA", "population": 115554, "lat": 42.6334, "lng": -71.3162},
  {"city": "San Buenaventura", "state": "CA", "population": 109106, "lat": 34.2805, "lng": -119.2945},
  {"city": "Pueblo", "state": "CO", "population": 111876, "lat": 38.2544, "lng": -104.6091},
  {"city": "High Point", "state": "NC", "population": 112791, "lat": 35.9557, "lng": -80.0053},
  {"city": "West Jordan", "state": "UT", "population": 116961, "lat": 40.6097, "lng": -111.9391},
  {"city": "Richmond", "state": "CA", "population": 116448, "lat": 37.9358, "lng": -122.3478},
  {"city": "Murrieta", "state": "CA", "population": 113326, "lat": 33.5539, "lng": -117.2139},
  {"city": "Cambridge", "state": "MA", "population": 118403, "lat": 42.3736, "lng": -71.1097},
  {"city": "Antioch", "state": "CA", "population": 115291, "lat": 38.0049, "lng": -121.8058},
  {"city": "Temecula", "state": "CA", "population": 110003, "lat": 33.4936, "lng": -117.1484},
  {"city": "Norwalk", "state": "CA", "population": 105549, "lat": 33.9022, "lng": -118.0817},
  {"city": "Centennial", "state": "CO", "population": 108418, "lat": 39.5807, "lng": -104.8772},
  {"city": "Everett", "state": "WA", "population": 110629, "lat": 47.9790, "lng": -122.2021},
  {"city": "Palm Bay", "state": "FL", "population": 119760, "lat": 28.0345, "lng": -80.5887},
  {"city": "Wichita Falls", "state": "TX", "population": 104898, "lat": 33.9137, "lng": -98.4934},
  {"city": "Green Bay", "state": "WI", "population": 107395, "lat": 44.5133, "lng": -88.0133},
  {"city": "Daly City", "state": "CA", "population": 104901, "lat": 37.6879, "lng": -122.4702},
  {"city": "Burbank", "state": "CA", "population": 107337, "lat": 34.1808, "lng": -118.3090},
  {"city": "Richardson", "state": "TX", "population": 121323, "lat": 32.9483, "lng": -96.7299},
  {"city": "Pompano Beach", "state": "FL", "population": 112046, "lat": 26.2379, "lng": -80.1248},
  {"city": "North Charleston", "state": "SC", "population": 114852, "lat": 32.8546, "lng": -79.9748},
  {"city": "Broken Arrow", "state": "OK", "population": 113540, "lat": 36.0609, "lng": -95.7975},
  {"city": "Boulder", "state": "CO", "population": 105485, "lat": 40.0150, "lng": -105.2705},
  {"city": "West Palm Beach", "state": "FL", "population": 117415, "lat": 26.7153, "lng": -80.0534},
  {"city": "Santa Maria", "state": "CA", "population": 109988, "lat": 34.9530, "lng": -120.4357},
  {"city": "El Cajon", "state": "CA", "population": 106215, "lat": 32.7948, "lng": -116.9625},
  {"city": "Rialto", "state": "CA", "population": 104026, "lat": 34.1064, "lng": -117.3703},
  {"city": "Las Cruces", "state": "NM", "population": 111385, "lat": 32.3199, "lng": -106.7637},
  {"city": "San Mateo", "state": "CA", "population": 105661, "lat": 37.5630, "lng": -122.3255},
  {"city": "Lewisville", "state": "TX", "population": 111822, "lat": 33.0462, "lng": -96.9942},
  {"city": "South Bend", "state": "IN", "population": 103453, "lat": 41.6764, "lng": -86.2520},
  {"city": "Lakeland", "state": "FL", "population": 112641, "lat": 28.0395, "lng": -81.9498},
  {"city": "Erie", "state": "PA", "population": 96616, "lat": 42.1292, "lng": -80.0851},
  {"city": "Tyler", "state": "TX", "population": 107405, "lat": 32.3513, "lng": -95.3011},
  {"city": "Pearland", "state": "TX", "population": 125817, "lat": 29.5636, "lng": -95.2860},
  {"city": "College Station", "state": "TX", "population": 120511, "lat": 30.6280, "lng": -96.3344},
  {"city": "Kenosha", "state": "WI", "population": 99889, "lat": 42.5847, "lng": -87.8212},
  {"city": "Sandy Springs", "state": "GA", "population": 108080, "lat": 33.9304, "lng": -84.3733},
  {"city": "Clovis", "state": "CA", "population": 120124, "lat": 36.8252, "lng": -119.7029},
  {"city": "Flint", "state": "MI", "population": 95943, "lat": 43.0125, "lng": -83.6875},
  {"city": "Roanoke", "state": "VA", "population": 99143, "lat": 37.2710, "lng": -79.9414},
  {"city": "Albany", "state": "NY", "population": 99224, "lat": 42.6526, "lng": -73.7562},
  {"city": "Jurupa Valley", "state": "CA", "population": 111864, "lat": 33.9975, "lng": -117.4855},
  {"city": "Compton", "state": "CA", "population": 97877, "lat": 33.8958, "lng": -118.2201},
  {"city": "San Angelo", "state": "TX", "population": 101004, "lat": 31.4638, "lng": -100.4370},
  {"city": "Hillsboro", "state": "OR", "population": 106543, "lat": 45.5229, "lng": -122.9898},
  {"city": "Lawton", "state": "OK", "population": 93714, "lat": 34.6036, "lng": -98.3959},
  {"city": "Allen", "state": "TX", "population": 105623, "lat": 33.1032, "lng": -96.6706},
  {"city": "El Centro", "state": "CA", "population": 44093, "lat": 32.7920, "lng": -115.5631},
  {"city": "Cheyenne", "state": "WY", "population": 65132, "lat": 41.1400, "lng": -104.8202},
  {"city": "Helena", "state": "MT", "population": 32315, "lat": 46.5927, "lng": -112.0361},
  {"city": "Pierre", "state": "SD", "population": 14091, "lat": 44.3683, "lng": -100.3510},
  {"city": "Juneau", "state": "AK", "population": 32255, "lat": 58.3019, "lng": -134.4197},
  {"city": "Montpelier", "state": "VT", "population": 8074, "lat": 44.2601, "lng": -72.5754},
  {"city": "Augusta", "state": "ME", "population": 19136, "lat": 44.3106, "lng": -69.7795},
  {"city": "Frankfort", "state": "KY", "population": 28602, "lat": 38.2009, "lng": -84.8733},
  {"city": "Concord", "state": "NH", "population": 43976, "lat": 43.2081, "lng": -71.5376},
  {"city": "Jefferson City", "state": "MO", "population": 43228, "lat": 38.5767, "lng": -92.1735},
  {"city": "Olympia", "state": "WA", "population": 55605, "lat": 47.0379, "lng": -122.9007},
  {"city": "Santa Fe", "state": "NM", "population": 87505, "lat": 35.6870, "lng": -105.9378},
  {"city": "Trenton", "state": "NJ", "population": 90871, "lat": 40.2206, "lng": -74.7597},
  {"city": "Dover", "state": "DE", "population": 39403, "lat": 39.1582, "lng": -75.5244},
  {"city": "Harrisburg", "state": "PA", "population": 50099, "lat": 40.2732, "lng": -76.8867},
  {"city": "Annapolis", "state": "MD", "population": 40812, "lat": 38.9784, "lng": -76.4922},
  {"city": "Carson City", "state": "NV", "population": 58639, "lat": 39.1638, "lng": -119.7674},
  {"city": "Bismarck", "state": "ND", "population": 74018, "lat": 46.8083, "lng": -100.7837}
]
